Unnamed: 0,id,fish,biggest_area,t,x,vx,y,vy,theta,vtheta,theta-00,theta-01,vel,absvtheta,abstheta,fish_id,ms,csv_id,exp_id,bin,res_id,ID,aligned_t,aligned_ms,delta_t,trial_id,condition,unique_res_id,time_adj,vtheta_adj,vtheta_adj_diff
196425,6030,f01,1344.0,15.07788,324.46282746544045,-0.372364344826299,24.46279835848978,0.3302112338610843,-0.3787300654804946,-0.0208457709765866,0.0125318643086305,0.1077249050516355,0.4976893250472413,0.0208457709765866,0.3787300654804946,1,15050.282,122700,2,1,101,101_2,0.0178799999999963,17.879999999996343,0.0019989999999996,240304_f0trial1,sibs,sibs_122700_240304_f0trial1_101_2,15.0,0.0208457709765866,0.0429831685614785
206101,22025,f01,1088.0,55.066549,565.7290368204352,0.1304359629173514,84.7999367873538,0.973374839432167,-1.4137855604395586,-0.0490840201237213,0.0956847125117008,0.1409542825759084,0.982075413836317,0.0490840201237213,1.4137855604395586,1,55038.951,122700,2,3,103,103_2,0.0065489999999925,6.5489999999925885,0.002016999999995,240304_f0trial1,sibs,sibs_122700_240304_f0trial1_103_2,5.0,-0.0490840201237213,0.02383264606253689
216933,38042,f01,1536.0,95.110335,388.337041614794,-0.0217435820556498,119.78054320061597,0.286939179353824,0.3403980312952612,-0.0391536503896228,0.09063301700195,0.1164533714613442,0.2877618390420397,0.0391536503896228,0.3403980312952612,1,95082.737,122700,2,5,105,105_2,0.0503349999999898,50.334999999989805,0.002009000000001,240304_f0trial1,sibs,sibs_122700_240304_f0trial1_105_2,55.0,0.0391536503896228,0.038514171867328695
252337,38043,f02,1344.0,95.11233,135.8578304937366,-0.0585039815302881,237.51166194196352,-0.0270015333058262,2.039134894862556,-0.0047553097627565,0.0381613784907814,0.1115945331733074,0.0644344523974708,0.0047553097627565,2.039134894862556,2,95084.732,122700,2,5,205,205_2,0.0523299999999977,52.32999999999777,0.0019950000000079,240304_f0trial1,sibs,sibs_122700_240304_f0trial1_205_2,55.0,0.0047553097627565,0.0156779078266649
256904,46025,f02,1152.0,115.06854,110.76966962402068,0.9534243546939624,219.5750737195854,-0.3881211276478334,1.6363176761092757,0.1232617313223621,-0.156093244675664,-0.2057661388259495,1.0293959441586238,0.1232617313223621,1.6363176761092757,2,115040.942,122700,2,6,206,206_2,0.0085399999999964,8.53999999999644,0.003001999999995,240304_f0trial1,sibs,sibs_122700_240304_f0trial1_206_2,5.0,0.1232617313223621,0.0776755928647663
142084,14025,f00,960.0,35.066064,43.72687636623707,0.0004191800125188,120.61726451680612,0.1331965386281134,1.6560643250271934,0.879148552849955,0.0384391509971742,0.0037700386917434,0.1331971982227606,0.879148552849955,1.6560643250271934,0,35038.466,122700,2,2,2,2_2,0.0060639999999949,6.063999999994962,0.0029650000000032,240304_f0trial1,sibs,sibs_122700_240304_f0trial1_2_2,5.0,0.879148552849955,0.480422748758362
360498,46031,f01,1088.0,115.085163,176.00492984416908,0.1302486034617495,146.538543092241,-0.0350382387656336,0.5448325055247577,0.0298941360036348,-0.1378899995181339,-0.1576593212808634,0.1348791195090389,0.0298941360036348,0.5448325055247577,1,115057.565,123158,3,6,106,106_3,0.025162999999992,25.162999999992053,0.0030089999999916,240304_f0trial1,sibs,sibs_123158_240304_f0trial1_106_3,25.0,0.0298941360036348,0.0193828855381894
272067,6024,f00,768.0,15.064566999999998,223.7681496163765,-0.0149335171987262,212.6240828355484,0.1602944995093647,-0.9278097913630228,8.337371308290119e-05,-0.0478903020750625,0.0355597491218455,0.1609886222963671,8.337371308290119e-05,0.9278097913630228,0,15036.969,123158,3,1,1,1_3,0.0045669999999962,4.566999999996213,0.0019989999999996,240304_f0trial1,sibs,sibs_123158_240304_f0trial1_1_3,5.0,8.337371308290119e-05,0.013301486823197602
384703,30029,f02,1088.0,75.079399,85.79773952041653,0.0937839352347292,48.26138728936387,-0.0838754380639854,-0.3113389889317474,-0.0110187602195774,0.0411911295899889,0.0826745324213784,0.1258193769597407,0.0110187602195774,0.3113389889317474,2,75051.80099999999,123158,3,4,204,204_3,0.0193989999999928,19.39899999999284,0.0029990000000026,240304_f0trial1,sibs,sibs_123158_240304_f0trial1_204_3,15.0,0.0110187602195774,0.0108392411729553
293858,30041,f00,960.0,75.109382,390.7563701133683,0.0114420441855624,187.0663194285352,-0.1136099719596981,-4.465473992668345,-0.002069084225338,-0.0037308196576404,0.0064384296533583,0.114184701706611,0.002069084225338,4.465473992668345,0,75081.784,123158,3,4,4,4_3,0.0493819999999942,49.38199999999426,0.0029990000000026,240304_f0trial1,sibs,sibs_123158_240304_f0trial1_4_3,45.0,0.002069084225338,0.0091459393776343
65586,14029,f01,1408.0,35.075706999999994,475.3398584685939,0.1130795102558867,147.15060300033647,-0.0077988818208819,-2.4776051447736416,-0.0158160989316587,0.060792540239102,0.083680913187869,0.1133481283364099,0.0158160989316587,2.4776051447736416,1,35048.109,123611,1,2,102,102_1,0.0157069999999919,15.706999999991922,0.0029829999999932,240304_f0trial1,sibs,sibs_123611_240304_f0trial1_102_1,15.0,0.0158160989316587,0.0184698890784832
393575,6033,f01,1280.0,15.080837,260.860626999962,-3.988233930960449,142.5446232122163,-1.8127158917021813,0.8089585267479527,-0.3432539889207611,0.1165374929164735,0.0810880175833959,4.380861649503881,0.3432539889207611,0.8089585267479527,1,15053.239,124015,3,1,101,101_3,0.0208369999999966,20.836999999996664,0.0019980000000003,240304_f0trial2,sibs,sibs_124015_240304_f0trial2_101_3,25.0,-0.3432539889207611,0.033560434256219185
73818,22027,f01,1088.0,55.070638,254.7800243854088,-0.5225084691089924,173.22135590938234,-0.3464983027571915,2.4270906319771,-0.1059419973578384,0.21972811040078,0.2108180472159428,0.6269578726710728,0.1059419973578384,2.4270906319771,1,55043.04,124555,1,3,103,103_1,0.010637999999993,10.637999999993042,0.0029989999999955,240304_f0trial2,sibs,sibs_124555_240304_f0trial2_103_1,15.0,0.1059419973578384,0.10243578470964089
29279,38024,f00,1024.0,95.064657,243.528249033378,0.5067858048870937,51.30465450459881,0.1354924657083847,3.4280665977399343,-0.0168218476341856,0.0760446869814428,0.1350008906913173,0.5245856081697221,0.0168218476341856,3.4280665977399343,0,95037.059,124555,1,5,5,5_1,0.0046569999999945,4.656999999994582,0.0019980000000003,240304_f0trial2,sibs,sibs_124555_240304_f0trial2_5_1,5.0,0.0168218476341856,0.0245503248234416
43167,54030,f00,1088.0,135.080258,229.16673849972224,5.008693237301856,99.767448626835,1.592403254132345,3.309442204881482,0.2737076149616101,0.2322878597114495,0.2552562038779773,5.255735540261194,0.2737076149616101,3.309442204881482,0,135052.66,124555,1,7,7,7_1,0.0202580000000125,20.258000000012544,0.0020000000000095,240304_f0trial2,sibs,sibs_124555_240304_f0trial2_7_1,25.0,-0.2737076149616101,0.19582202949080968
227466,6034,f01,1472.0,15.087718,185.5694393040103,-1.05698556917996,258.7190788554228,-4.354333837311343,1.0939225249730855,0.0522735329830373,0.0580088314963767,0.0289636364245051,4.480785830656182,0.0522735329830373,1.0939225249730855,1,15060.12,125055,2,1,101,101_2,0.0277179999999965,27.71799999999658,0.0029889999999994,240304_f0trial2,sibs,sibs_125055_240304_f0trial2_101_2,25.0,-0.0522735329830373,0.31605570285369666
252792,38024,f01,1152.0,95.065295,499.34762175784607,-0.1118663762303889,262.96805624682975,-0.0481320340803846,0.3019853041113033,0.0096646417795084,-0.0351445935583343,-0.0746035296851341,0.1217816851403946,0.0096646417795084,0.3019853041113033,1,95037.697,125055,2,5,105,105_2,0.0052949999999896,5.294999999989614,0.0029979999999909,240304_f0trial2,sibs,sibs_125055_240304_f0trial2_105_2,5.0,0.0096646417795084,0.010963762526776801
283625,6032,f02,1408.0,15.082748,65.7395088900712,-0.2964901041278399,152.23442462503817,0.2546215665085167,-2.8025267851279434,0.0414896499728602,-0.1776656964296354,-0.1614525349732902,0.3908177631287866,0.0414896499728602,2.8025267851279434,2,15055.15,125055,2,1,201,201_2,0.0227479999999964,22.74799999999644,0.0020159999999993,240304_f0trial2,sibs,sibs_125055_240304_f0trial2_201_2,25.0,0.0414896499728602,0.0386449104706361
59733,6037,f01,1344.0,15.110784,422.6114984776012,0.0654456525192915,171.1811995908554,-0.0300935896376721,1.4423658491739746,0.0095599969878388,-0.0344011985439651,-0.0343687765634719,0.0720330311104319,0.0095599969878388,1.4423658491739746,1,15083.186,110942,1,1,101,101_1,0.0507839999999966,50.78399999999661,0.0019829999999991,240304_f0trial1,tau,tau_110942_240304_f0trial1_101_1,55.0,0.0095599969878388,0.01118565236804
66278,14022,f01,1344.0,35.074614,199.26239122608865,-0.109501926788818,123.22393572039604,0.0542418288737779,-0.9235750809027572,0.0244400364590234,-0.1974090587398058,-0.1017406176256954,0.122200032610617,0.0244400364590234,0.9235750809027572,1,35047.016,110942,1,2,102,102_1,0.0146139999999945,14.613999999994576,0.0030069999999966,240304_f0trial1,tau,tau_110942_240304_f0trial1_102_1,15.0,0.0244400364590234,0.0396243127184996
93608,62025,f01,2432.0,155.085024,277.9587119450226,0.1385575794517909,49.234621412106485,-0.4047038876346129,-2.8120325278636136,-0.0532713728505348,0.1622065785529027,0.1430092152302133,0.4277656361725527,0.0532713728505348,2.8120325278636136,1,155057.426,110942,1,8,108,108_1,0.0250240000000019,25.024000000001934,0.0020039999999994,240304_f0trial1,tau,tau_110942_240304_f0trial1_108_1,25.0,-0.0532713728505348,0.015441001615764206
107433,14022,f02,1344.0,35.074614,558.9621061505459,0.5534519542779652,237.8611176094558,0.1735235293485194,1.7832149008758362,0.078878219687357,-0.1481919245763343,-0.1598156563756996,0.5800167936634812,0.078878219687357,1.7832149008758362,2,35047.016,110942,1,2,202,202_1,0.0146139999999945,14.613999999994576,0.0030069999999966,240304_f0trial1,tau,tau_110942_240304_f0trial1_202_1,15.0,0.078878219687357,0.0786065416237854
151166,54032,f03,1664.0,135.102463,86.41811135095469,-0.0614895255854241,143.93937953127752,0.0202767408854069,2.118546982903548,0.0040705018375517,-0.013030367050689,-0.0990733987975565,0.0647464900798063,0.0040705018375517,2.118546982903548,3,135074.865,110942,1,7,307,307_1,0.0424629999999979,42.46299999999792,0.0030009999999833,240304_f0trial1,tau,tau_110942_240304_f0trial1_307_1,45.0,0.0040705018375517,0.014678562135916999
22874,30025,f00,1152.0,75.083328,104.788628308393,-2.870389383122586,54.25419332137511,1.9246203245975424,-0.9520350107694184,0.2372462407277429,-0.0816584192175453,-0.0516178527100454,3.455907782999542,0.2372462407277429,0.9520350107694184,0,75055.73,110942,1,4,4,4_1,0.0233279999999922,23.327999999992244,0.0029979999999909,240304_f0trial1,tau,tau_110942_240304_f0trial1_4_1,25.0,-0.2372462407277429,0.295416309980126
29788,38022,f00,896.0,95.076134,268.7548065057652,-0.0536044327855727,223.2461296005069,-0.0631158001105504,-1.2620774034492095,0.0084251119461627,-0.0065252250603422,-0.0712685994880844,0.0828072426654693,0.0084251119461627,1.2620774034492095,0,95048.536,110942,1,5,5,5_1,0.0161339999999938,16.133999999993875,0.0029990000000026,240304_f0trial1,tau,tau_110942_240304_f0trial1_5_1,15.0,0.0084251119461627,0.0145997630523376
41808,54022,f00,1152.0,135.07646200000002,536.7456575926781,0.1546133176249683,31.169765450748304,-0.5091082184756006,-0.0632393919564053,0.0749737818102992,-0.2414642323019467,-0.2574292384518744,0.5320680934865379,0.0749737818102992,0.0632393919564053,0,135048.864,110942,1,7,7,7_1,0.0164620000000184,16.462000000018406,0.0019980000000145,240304_f0trial1,tau,tau_110942_240304_f0trial1_7_1,15.0,0.0749737818102992,0.06811520595688561
228508,30039,f01,1088.0,75.098877,162.11905107352567,-0.0788614318967484,160.0595402542328,-0.0550608476215402,-0.940137219137728,0.0197761418075296,-0.0509463548778352,-0.1249867617385538,0.096181195571733,0.0197761418075296,0.940137219137728,1,75071.27900000001,112256,2,4,104,104_2,0.0388769999999993,38.87699999999938,0.0029990000000026,240304_f0trial1,tau,tau_112256_240304_f0trial1_104_2,35.0,0.0197761418075296,0.0233873190711599
249066,54034,f01,960.0,135.087512,109.26350141699604,-0.0033982837091087,264.529484951696,0.1392415572585353,-3.6129429264916375,0.0029642966691988,0.0060659845699584,-0.0317230857112411,0.1392830197832799,0.0029642966691988,3.6129429264916375,1,135059.914,112256,2,7,107,107_2,0.0275120000000015,27.51200000000153,0.0030249999999796,240304_f0trial1,tau,tau_112256_240304_f0trial1_107_2,25.0,0.0029642966691988,0.0163787205635336
287098,54030,f02,1280.0,135.077491,553.3227686554358,-0.0072170422298993,136.98558084171762,0.0357438842970962,-0.7912538429211092,0.0090491295290449,-0.1445977578845982,-0.1029280159648249,0.0364652020862678,0.0090491295290449,0.7912538429211092,2,135049.893,112256,2,7,207,207_2,0.0174910000000068,17.491000000006807,0.0019890000000089,240304_f0trial1,tau,tau_112256_240304_f0trial1_207_2,15.0,0.0090491295290449,0.024872126453127398
383900,38034,f01,768.0,95.087667,620.6225403790941,0.1056989352061697,148.5716521794129,0.0624840707936201,-1.46285771494309,-0.0014385344768507,0.0448311773205427,0.0344503520987804,0.1227864976561355,0.0014385344768507,1.46285771494309,1,95060.069,112832,3,5,105,105_3,0.0276669999999938,27.66699999999389,0.0030089999999916,240304_f0trial1,tau,tau_112832_240304_f0trial1_105_3,25.0,-0.0014385344768507,0.0130304693189162
319550,14029,f00,960.0,35.073605,556.8945184776079,-2.24941475294846,262.47509468231874,2.078284522390833,-3.5168650492972304,-0.2748930390780864,0.1031991363335969,0.0952980148183533,3.0625370670069403,0.2748930390780864,3.5168650492972304,0,35046.007000000005,112832,3,2,2,2_3,0.0136049999999983,13.604999999998313,0.0029700000000048,240304_f0trial1,tau,tau_112832_240304_f0trial1_2_3,15.0,0.2748930390780864,0.33562804897505505
233184,14026,f01,1088.0,35.064696,105.81373997189394,0.0477050046087475,95.8100675730998,-0.1022546186387279,1.951477945369371,0.028101189741952,0.0085689941097415,0.0216827016305982,0.1128351651643772,0.028101189741952,1.951477945369371,1,35037.098,113345,2,2,102,102_2,0.0046959999999955,4.695999999995593,0.0020150000000001,240304_f0trial2,tau,tau_113345_240304_f0trial2_102_2,5.0,0.028101189741952,0.0276008037355754
269786,70052,f01,1344.0,175.13344,434.5048270472728,0.0405883112910576,199.27234390622635,0.077426124011932,2.016902628115977,0.0102527474205708,-0.0529917525119456,-0.0565620731823406,0.0874197671752268,0.0102527474205708,2.016902628115977,1,175105.842,113345,2,9,109,109_2,0.073440000000005,73.44000000000506,0.0019869999999855,240304_f0trial2,tau,tau_113345_240304_f0trial2_109_2,75.0,0.0102527474205708,0.015895603913204
277850,14031,f02,1408.0,35.077673,184.50554313737743,-0.205747269874075,186.38597413472763,-0.0208170314496537,2.4905434338351555,-0.0295760108012831,0.1521475715939946,0.1834473156310689,0.2067976979054924,0.0295760108012831,2.4905434338351555,2,35050.075,113345,2,2,202,202_2,0.0176729999999949,17.672999999994943,0.0029990000000026,240304_f0trial2,tau,tau_113345_240304_f0trial2_202_2,15.0,0.0295760108012831,0.027161203541164598
310623,46024,f03,1152.0,115.062196,572.9071469683781,0.9515055842404144,118.79701627659152,-0.248821988607331,-1.667856106914957,-0.0847437723804402,0.150538651438328,0.1894352884359256,0.9835015296659172,0.0847437723804402,1.667856106914957,3,115034.598,113345,2,6,306,306_2,0.0021959999999978,2.1959999999978663,0.0019989999999978,240304_f0trial2,tau,tau_113345_240304_f0trial2_306_2,5.0,-0.0847437723804402,0.03133699866253489
197614,38031,f00,1088.0,95.07923,62.04132231404959,0.0,18.793388429752063,0.0,0.3852691771386385,0.0,0.0205609249899452,-0.016923949321026,0.0,0.0,0.3852691771386385,0,95051.632,113345,2,5,5,5_2,0.0192299999999931,19.2299999999932,0.0029979999999909,240304_f0trial2,tau,tau_113345_240304_f0trial2_5_2,15.0,0.0,0.0292178686562954
223044,70030,f00,1024.0,175.07848,138.2298552044053,-0.3507839384977708,132.1775728588913,0.1320553382866741,1.4437910204815485,-0.0596272797891951,0.2264138771755712,0.2583245016985911,0.3748172673157091,0.0596272797891951,1.4437910204815485,0,175050.882,113345,2,9,9,9_2,0.0184800000000109,18.48000000001093,0.001999000000012,240304_f0trial2,tau,tau_113345_240304_f0trial2_9_2,15.0,0.0596272797891951,0.0506531182183952
377036,14033,f01,1088.0,35.078917,549.1553968514982,2.587811457473652,165.56933647543443,-2.446897321861522,2.3225288223541187,0.0161792217594806,-0.2675258267487033,-0.2939693147076481,3.561470853898007,0.0161792217594806,2.3225288223541187,1,35051.319,114156,3,2,102,102_3,0.0189169999999947,18.916999999994744,0.0020230000000012,240304_f0trial2,tau,tau_114156_240304_f0trial2_102_3,15.0,0.0161792217594806,0.271550778240265
393427,38027,f01,1088.0,95.065367,593.5522932118312,-0.0571308030471481,20.34557535784637,-0.1776074196218573,-0.3436675206315002,0.0226022654777269,-0.0952319161170378,0.0740107725556833,0.1865698908225722,0.0226022654777269,0.3436675206315002,1,95037.769,114156,3,5,105,105_3,0.0053669999999925,5.366999999992572,0.0020080000000035,240304_f0trial2,tau,tau_114156_240304_f0trial2_105_3,5.0,0.0226022654777269,0.0105859288178382
442537,62034,f02,1024.0,155.084943,472.3180196678181,-3.1531303388045835,237.05274628588424,-2.155515776493542,1.689552887412508,0.1738781819328478,0.0445497547953319,0.011387116910889,3.819486771308741,0.1738781819328478,1.689552887412508,2,155057.345,114156,3,8,208,208_3,0.0249430000000074,24.943000000007487,0.001999000000012,240304_f0trial2,tau,tau_114156_240304_f0trial2_208_3,25.0,0.1738781819328478,0.5901992919890475
468607,62030,f04,896.0,155.074961,168.51700775102043,-0.0106264965039521,116.2941515609275,-0.2617101089979348,3.419316963972053,-0.0363547116355255,0.1447044863673401,0.1397182130279373,0.2619257596718188,0.0363547116355255,3.419316963972053,4,155047.36299999998,114156,3,8,408,408_3,0.0149609999999995,14.960999999999558,0.0030009999999833,240304_f0trial2,tau,tau_114156_240304_f0trial2_408_3,15.0,0.0363547116355255,0.03628894173924019
337828,30035,f00,1152.0,75.084912,368.6168432979109,4.272347619974827,169.92675788036183,0.7947620026249587,-2.918973080544068,0.0119130374745249,-0.1520142675317997,-0.153663042812107,4.34564158976796,0.0119130374745249,2.918973080544068,0,75057.314,114156,3,4,4,4_3,0.0249120000000004,24.91200000000049,0.001999000000012,240304_f0trial2,tau,tau_114156_240304_f0trial2_4_3,25.0,0.0119130374745249,0.306691605229444
342399,38033,f00,1408.0,95.080349,88.87979546526772,1.7091368730674246,205.260640903248,4.176978796758897,-1.698375193616627,-0.2129021272384486,-0.1689576330111397,-0.1476192792981312,4.513125382642509,0.2129021272384486,1.698375193616627,0,95052.751,114156,3,5,5,5_3,0.0203489999999959,20.348999999995957,0.0019980000000003,240304_f0trial2,tau,tau_114156_240304_f0trial2_5_3,25.0,-0.2129021272384486,0.1586846567458221
93306,62044,f01,1088.0,155.10014,161.2147199742788,0.0757628368934019,62.11519315214417,-0.1531097903916123,1.166943579514896,-0.0019990442527296,0.026820698669324,0.0266785131743407,0.1708291994007455,0.0019990442527296,1.166943579514896,1,155072.542,114658,1,8,108,108_1,0.040140000000008,40.14000000000806,0.0029790000000105,240304_f0trial2,tau,tau_114658_240304_f0trial2_108_1,45.0,0.0019990442527296,0.0095669551770263
132157,62029,f02,960.0,155.062159,450.13959800115214,-0.0277160699434106,165.4929082055528,-0.0248730964425115,0.5775120107416809,0.0554876135160339,0.0328997492211078,0.0214348834161421,0.0372404546125112,0.0554876135160339,0.5775120107416809,2,155034.561,114658,1,8,208,208_1,0.002159000000006,2.159000000006017,0.0019979999999861,240304_f0trial2,tau,tau_114658_240304_f0trial2_208_1,5.0,0.0554876135160339,0.46722959023464083
139110,70036,f02,896.0,175.08068,320.2784304737989,-2.3205358310404645,72.27779984726018,-0.4322155439510015,-2.7191542653946628,0.0381673936732101,-0.0077817831572906,0.0045100886414255,2.3604441996318237,0.0381673936732101,2.7191542653946628,2,175053.082,114658,1,9,209,209_1,0.0206799999999987,20.6799999999987,0.0029899999999827,240304_f0trial2,tau,tau_114658_240304_f0trial2_209_1,25.0,0.0381673936732101,0.0348526796879699
147310,22037,f03,1408.0,55.079928,256.37243775511075,-0.2436998125637432,219.2176322554962,-0.5202926121904748,-3.0659233161137904,-0.087269752993026,0.2955510208369447,0.3640448385687462,0.5745380761477793,0.087269752993026,3.0659233161137904,3,55052.33,114658,1,3,303,303_1,0.019927999999993,19.927999999993062,0.0029879999999948,240304_f0trial2,tau,tau_114658_240304_f0trial2_303_1,15.0,0.087269752993026,0.0882799611005899
167991,54030,f05,896.0,135.064567,48.39938308868204,0.4122606243584912,69.63472697524874,-0.3136061703594753,1.9986282761834528,0.0267457414651684,-0.1962655963021955,-0.1552643031081961,0.5179842203040448,0.0267457414651684,1.9986282761834528,5,135036.969,114658,1,7,507,507_1,0.0045670000000086,4.567000000008648,0.0029989999999884,240304_f0trial2,tau,tau_114658_240304_f0trial2_507_1,5.0,-0.0267457414651684,0.035528747696181896
28573,38032,f00,1088.0,95.067696,109.68365977484724,0.1430309154085337,37.93641991711838,0.0927212852130171,-0.3464287181145916,-0.0316899055886872,0.0441233309648958,0.0799527694313617,0.1704555059074267,0.0316899055886872,0.3464287181145916,0,95040.098,114658,1,5,5,5_1,0.0076959999999957,7.695999999995706,0.0019999999999953,240304_f0trial2,tau,tau_114658_240304_f0trial2_5_1,5.0,0.0316899055886872,0.0329518250781195
45999,62034,f00,1024.0,155.074152,125.9944026853042,1.2372875373068584,215.7247976217228,1.9306246344130085,-0.1782121905053756,-0.0710938069971931,0.0763468714443473,0.0988105898774716,2.293074776141684,0.0710938069971931,0.1782121905053756,0,155046.55399999995,114658,1,8,8,8_1,0.0141519999999957,14.151999999995724,0.0019769999999823,240304_f0trial2,tau,tau_114658_240304_f0trial2_8_1,15.0,-0.0710938069971931,0.018093692042488993
74692,30028,f01,1280.0,75.071947,55.10345567067877,-0.8238743687701104,203.00746502375327,-0.2827349762131954,1.918091847488876,-0.1057780899376617,0.2538201736191539,0.3289605172601009,0.8710384849652879,0.1057780899376617,1.918091847488876,1,75044.349,115112,1,4,104,104_1,0.0119469999999921,11.946999999992158,0.0019989999999978,240304_f0trial3,tau,tau_115112_240304_f0trial3_104_1,15.0,0.1057780899376617,0.0988433229684309
102118,70030,f01,1152.0,175.079406,240.35475065294776,1.0362579466782296,270.4989376666507,1.901312227082628,-0.16733407338033,-0.0509387748658983,0.0585929729601364,0.0273173396242309,2.165368032669662,0.0509387748658983,0.16733407338033,1,175051.808,115112,1,9,109,109_1,0.0194060000000035,19.406000000003587,0.0019999999999811,240304_f0trial3,tau,tau_115112_240304_f0trial3_109_1,15.0,-0.0509387748658983,0.0443746227573952
22213,30031,f00,960.0,75.079944,439.1901039873444,0.2675167374678845,237.21491879409052,0.9524758922454732,0.0224602385192739,-0.0780983035204434,0.0221197702515905,0.0333616034546446,0.9893308496828912,0.0780983035204434,0.0224602385192739,0,75052.346,115112,1,4,4,4_1,0.0199439999999953,19.9439999999953,0.0029849999999953,240304_f0trial3,tau,tau_115112_240304_f0trial3_4_1,15.0,-0.0780983035204434,0.0475457949802839
227025,6026,f01,896.0,15.067779,178.4255608972845,-0.0153052494130268,270.4012614041604,-0.004797767139234,-2.1138446553758654,0.1007049829728239,-0.0750156600870521,-0.0912423604503893,0.0160396143693441,0.1007049829728239,2.1138446553758654,1,15040.181,120138,2,1,101,101_2,0.0077789999999975,7.778999999997538,0.0029820000000011,240304_f0trial3,tau,tau_120138_240304_f0trial3_101_2,5.0,-0.1007049829728239,0.03622762327890569
240434,22024,f01,1472.0,55.063748,270.4116134037149,0.4717077464433686,212.79721147016627,0.2725355962535325,-1.5866012162432663,-0.0545529184748893,0.07699443192189,0.0962231479324053,0.544778715883752,0.0545529184748893,1.5866012162432663,1,55036.15,120138,2,3,103,103_2,0.0037479999999945,3.7479999999945335,0.0029990000000026,240304_f0trial3,tau,tau_120138_240304_f0trial3_103_2,5.0,-0.0545529184748893,0.028933058369627604
269618,62027,f01,1088.0,155.07431200000002,608.1532039911473,-0.0930841999582034,51.6599664612883,-0.1368327222998447,-4.337414781777804,-0.0186781343332882,0.0588225778007496,0.0955826816222611,0.1654927858664697,0.0186781343332882,4.337414781777804,1,155046.714,120138,2,8,108,108_2,0.014312000000018,14.312000000018088,0.0029980000000193,240304_f0trial3,tau,tau_120138_240304_f0trial3_108_2,15.0,0.0186781343332882,0.020337485508560703
176432,14032,f00,960.0,35.082542,145.0283937611261,0.0135118717005671,72.94577222668654,0.0236506330926689,-0.8190025464369868,-0.0034362554313283,-0.0306590126775048,-0.0400663640643301,0.0272382657769658,0.0034362554313283,0.8190025464369868,0,35054.944,120138,2,2,2,2_2,0.0225419999999942,22.54199999999429,0.0019879999999972,240304_f0trial3,tau,tau_120138_240304_f0trial3_2_2,25.0,0.0034362554313283,0.0107837722100432
334703,14033,f04,1152.0,35.085539999999995,516.1098684370181,0.0808756954145011,198.8524422222661,0.635276856877488,0.0731390182721591,-0.0715065877113338,0.0437169029526205,0.1222632782132113,0.6404042184377923,0.0715065877113338,0.0731390182721591,4,35057.941999999995,120138,2,2,402,402_2,0.0255399999999923,25.539999999992347,0.002997999999998,240304_f0trial3,tau,tau_120138_240304_f0trial3_402_2,25.0,0.0715065877113338,0.0776448418251854
408448,6036,f01,768.0,15.088725,83.82377049180327,0.0,281.61475409836066,0.0,2.2999114486371663,0.0,0.4301381534651245,0.8502074422802774,0.0,0.0,2.2999114486371663,1,15061.127,120612,3,1,101,101_3,0.0287249999999978,28.72499999999789,0.0049980000000005,240304_f0trial3,tau,tau_120612_240304_f0trial3_101_3,25.0,-0.0,0.1357549215501935
413398,14027,f01,1152.0,35.066785,33.93639744012217,0.189971392358091,78.29363290206769,-0.1375774347112047,-1.9062984480845755,-0.0351212646838638,0.0493824713969797,0.0540388034305092,0.234556348147279,0.0351212646838638,1.9062984480845755,1,35039.187,120612,3,2,102,102_3,0.0067849999999936,6.784999999993602,0.0029949999999985,240304_f0trial3,tau,tau_120612_240304_f0trial3_102_3,5.0,0.0351212646838638,0.0386021182468621
429781,38032,f01,1088.0,95.080523,108.2583843504788,-0.0181823401749183,254.0767537551464,-0.2141178139050283,2.737047163843545,-0.0190457686866218,0.03933920571128,0.0053559752224758,0.2148884262255758,0.0190457686866218,2.737047163843545,1,95052.925,120612,3,5,105,105_3,0.0205229999999971,20.522999999997182,0.0020150000000001,240304_f0trial3,tau,tau_120612_240304_f0trial3_105_3,25.0,0.0190457686866218,0.0168536918152907
346828,6041,f00,768.0,15.100718,465.2400543257356,-0.183130196779531,102.46184544684372,0.0618851583791651,0.9975330849189318,-0.0211930992529241,0.1118814534515451,0.1680440295648964,0.1933040139265713,0.0211930992529241,0.9975330849189318,0,15073.12,120612,3,1,1,1_3,0.0407179999999964,40.71799999999648,0.0019989999999996,240304_f0trial3,tau,tau_120612_240304_f0trial3_1_3,45.0,-0.0211930992529241,0.018136988440602103
361532,22037,f00,1152.0,55.091898,158.8264958126126,0.0455045453087158,199.8979541016667,0.1177263293698458,0.8781025501173492,-0.0083506465993045,0.0129355352536677,-0.0673918311490511,0.1262147070299273,0.0083506465993045,0.8781025501173492,0,55064.3,120612,3,3,3,3_3,0.0318979999999982,31.89799999999821,0.0020000000000024,240304_f0trial3,tau,tau_120612_240304_f0trial3_3_3,35.0,0.0083506465993045,0.018143767966832
513959,6035,f05,896.0,15.08573,390.3463318214991,1.2888009487926677,33.99860070410872,-3.745618106559345,-4.237312935621242,-0.1973368065130606,-0.1773890344989981,-0.1537681281532918,3.9611441384774286,0.1973368065130606,4.237312935621242,5,15058.132,120612,3,1,501,501_3,0.0257299999999975,25.729999999997588,0.0020030000000001,240304_f0trial3,tau,tau_120612_240304_f0trial3_501_3,25.0,-0.1973368065130606,0.2127453520779022
1820,6032,f00,1216.0,15.08245,69.67761070080948,-0.0851949536212667,163.8004753479675,0.0732072532229684,-1.9618704511479064,0.0090138915355222,-0.0027871737261462,-0.0293360036048817,0.1123275658375164,0.0090138915355222,1.9618704511479064,0,15054.852,121113,1,1,1,1_1,0.0224499999999974,22.449999999997416,0.00197,240304_f0trial4,tau,tau_121113_240304_f0trial4_1_1,25.0,0.0090138915355222,0.0204169809671472
113306,14027,f02,1344.0,35.071169999999995,295.0612693992082,-0.0371451937872787,95.1478738575454,-0.0911131863131805,2.944544006479028,-0.0134186115596295,0.0548367576421089,0.0980531678749905,0.0983939944388621,0.0134186115596295,2.944544006479028,2,35043.572,121113,1,2,202,202_1,0.0111699999999927,11.169999999992797,0.0029839999999978,240304_f0trial4,tau,tau_121113_240304_f0trial4_202_1,15.0,0.0134186115596295,0.013761961484961099
132418,62040,f02,1152.0,155.106893,89.25253569413309,-0.011727512779562,179.0419647913663,0.0447572951545167,1.5048364969251835,-0.0045797870197132,-0.0150815648143192,-0.0255394490346763,0.0462682399226868,0.0045797870197132,1.5048364969251835,2,155079.295,121113,1,8,208,208_1,0.0468930000000114,46.8930000000114,0.0019980000000145,240304_f0trial4,tau,tau_121113_240304_f0trial4_208_1,45.0,0.0045797870197132,0.010033066363831299
7140,14030,f00,768.0,35.078179,136.48306747272116,0.1093437350832887,48.4296651047186,0.0335531934153885,-2.539827114316229,0.0009470181520267,-0.0089827272539464,0.0056995386691602,0.1143759991883563,0.0009470181520267,2.539827114316229,0,35050.581,121113,1,2,2,2_1,0.0181789999999963,18.178999999996392,0.0019989999999978,240304_f0trial4,tau,tau_121113_240304_f0trial4_2_1,15.0,0.0009470181520267,0.0121321995101731
14447,22033,f00,1024.0,55.086446,468.3217472204265,1.373394020003123,201.21081611213884,-2.986798379741768,-3.6884438743752055,-0.3125878822985718,0.0859621145354943,0.0327907844575374,3.2874269110367136,0.3125878822985718,3.6884438743752055,0,55058.848,121113,1,3,3,3_1,0.0264459999999928,26.445999999992864,0.0019889999999946,240304_f0trial4,tau,tau_121113_240304_f0trial4_3_1,25.0,-0.3125878822985718,0.3748139642811973
27202,38033,f00,768.0,95.087366,181.39358422352512,-0.1497200292491799,242.10645744805515,-0.1831365773814281,2.9555879216422016,-0.029895902057393,0.0994430190701134,0.1066470025290282,0.2365482892209518,0.029895902057393,2.9555879216422016,0,95059.768,121113,1,5,5,5_1,0.0273660000000006,27.366000000000668,0.0020020000000045,240304_f0trial4,tau,tau_121113_240304_f0trial4_5_1,25.0,0.029895902057393,0.0176285540564422
213445,6033,f01,960.0,15.083218,453.9448960698308,-0.0817516401478739,65.21347291076097,-0.105333508008232,1.7572629773028197,-0.0147303310637911,0.059015590114515,0.061813342612603,0.1333359613014724,0.0147303310637911,1.7572629773028197,1,15055.62,121713,2,1,101,101_2,0.0232179999999964,23.217999999996408,0.0025329999999996,240304_f0trial4,tau,tau_121713_240304_f0trial4_101_2,25.0,0.0147303310637911,0.0169424404976895
217561,14026,f01,1216.0,35.066700999999995,282.1102631482949,0.0221850119696192,130.15455686645055,-0.1452770185701387,-2.444157672375498,-0.0299781648341813,0.1320494524201287,0.1324132594654101,0.1469611747391826,0.0299781648341813,2.444157672375498,1,35039.103,121713,2,2,102,102_2,0.0067009999999925,6.700999999992519,0.0029879999999948,240304_f0trial4,tau,tau_121713_240304_f0trial4_102_2,5.0,0.0299781648341813,0.018868878871707996
230309,30026,f01,1216.0,75.067844,437.560299378056,0.0192095251107433,101.75900567677718,0.199445050666745,0.178136055248913,-0.0380386622967631,0.1154827784371446,0.1369244007514098,0.2003679966722249,0.0380386622967631,0.178136055248913,1,75040.246,121713,2,4,104,104_2,0.0078439999999915,7.843999999991524,0.0029889999999994,240304_f0trial4,tau,tau_121713_240304_f0trial4_104_2,5.0,0.0380386622967631,0.0395388140572494
236739,38028,f01,1216.0,95.073389,160.84171354686833,-0.1030122760552624,68.30364966854019,0.1609705099830442,1.4868275360603955,-0.0162347140917088,0.0250126501720711,0.0557173743660923,0.1911100052385717,0.0162347140917088,1.4868275360603955,1,95045.791,121713,2,5,105,105_2,0.0133889999999894,13.388999999989435,0.0029859999999928,240304_f0trial4,tau,tau_121713_240304_f0trial4_105_2,15.0,0.0162347140917088,0.013851257263160301
251611,62032,f01,1088.0,155.084717,92.06984837747244,-0.0558677850681749,74.39977119856611,-0.0765489209375091,0.9382620479073666,-0.0064299089094715,0.0139365127632107,0.0084962453978123,0.0947678569195315,0.0064299089094715,0.9382620479073666,1,155057.119,121713,2,8,108,108_2,0.0247170000000096,24.717000000009648,0.0029989999999884,240304_f0trial4,tau,tau_121713_240304_f0trial4_108_2,25.0,0.0064299089094715,0.0116894259050632
153748,6043,f00,1152.0,15.108232,78.18000709657792,-0.1086705926922629,129.47943186377424,0.0290336148599746,1.7220520322981436,-0.015655511999704,0.070279164321036,0.0721639092712091,0.1124822141848436,0.015655511999704,1.7220520322981436,0,15080.634,121713,2,1,1,1_2,0.0482319999999969,48.231999999996944,0.0030020000000003,240304_f0trial4,tau,tau_121713_240304_f0trial4_1_2,45.0,0.015655511999704,0.0162996114374778
265827,14032,f02,1152.0,35.081692999999994,67.33532387583152,-0.1030665741706783,146.24973221506974,-0.104762856340629,2.319049021215508,-0.0073639823012539,-0.0156589997891121,0.0201840280362599,0.1469624944668781,0.0073639823012539,2.319049021215508,2,35054.094999999994,121713,2,2,202,202_2,0.0216929999999919,21.69299999999197,0.0029889999999994,240304_f0trial4,tau,tau_121713_240304_f0trial4_202_2,25.0,0.0073639823012539,0.0103020656177475
286628,70044,f02,1408.0,175.115294,222.0309715498727,-0.0786231460516475,128.26300039258058,0.0222285751331881,-1.9487608589271488,0.0273982991377582,-0.1431285558365425,-0.1612152361050065,0.0817050099290764,0.0273982991377582,1.9487608589271488,2,175087.696,121713,2,9,209,209_2,0.0552940000000035,55.29400000000351,0.0029979999999909,240304_f0trial4,tau,tau_121713_240304_f0trial4_209_2,55.0,0.0273982991377582,0.0204041226111401
295734,38038,f03,1216.0,95.097626,580.4644740446731,-0.0654989072666451,79.02709582479022,-0.0185062285945397,-1.2452561172845855,0.0038178835447557,-0.0425045004751805,-0.0885087853773771,0.0680631129902088,0.0038178835447557,1.2452561172845855,3,95070.028,121713,2,5,305,305_2,0.0376259999999888,37.62599999998884,0.0019999999999953,240304_f0trial4,tau,tau_121713_240304_f0trial4_305_2,35.0,0.0038178835447557,0.0106316416867947
173062,30027,f00,1408.0,75.06985999999999,325.28715852753066,0.0296494418748888,246.8767141336209,-0.0592181182954361,0.0510703423320975,0.0232353565773947,-0.0518282945993431,-0.0062490019186394,0.0662259385584279,0.0232353565773947,0.0510703423320975,0,75042.26199999999,121713,2,4,4,4_2,0.0098599999999891,9.8599999999891,0.0020159999999975,240304_f0trial4,tau,tau_121713_240304_f0trial4_4_2,5.0,0.0232353565773947,0.0185872060553127
180581,38027,f00,1216.0,95.070403,115.24722301663844,-0.3049755067545091,137.6075104911642,0.3166667861193154,0.9908030540965606,-0.0752648513180661,0.2951653783012808,0.3082643106795935,0.4396452128151811,0.0752648513180661,0.9908030540965606,0,95042.805,121713,2,5,5,5_2,0.0104029999999966,10.40299999999661,0.0020109999999959,240304_f0trial4,tau,tau_121713_240304_f0trial4_5_2,15.0,0.0752648513180661,0.0737072238848894
186402,46030,f00,1216.0,115.079074,283.86221784048576,-0.2328702019876397,185.05126565770283,0.0813252791698191,1.922902661024524,-0.0403847266765793,0.1635927478380008,0.124359355622035,0.2466623846593013,0.0403847266765793,1.922902661024524,0,115051.476,121713,2,6,6,6_2,0.0190739999999891,19.073999999989155,0.0029969999999934,240304_f0trial4,tau,tau_121713_240304_f0trial4_6_2,15.0,0.0403847266765793,0.0376143379208237
370596,6031,f01,1088.0,15.082635,74.8262450799923,0.050056799164269,264.17451629363325,0.0946538231898906,-2.2276286925873148,0.0090815590618034,-0.0784781521398358,-0.1000835454206594,0.1070748774784964,0.0090815590618034,2.2276286925873148,1,15055.037,122214,3,1,101,101_3,0.0226349999999975,22.63499999999752,0.0029880000000002,240304_f0trial4,tau,tau_122214_240304_f0trial4_101_3,25.0,0.0090815590618034,0.0178334929337923
376378,14036,f01,768.0,35.095561,570.5882923062612,0.0602876930339694,130.2587732331065,-0.0215275658949686,2.6636727221653307,0.0041907883852787,-0.0093619759085488,0.0237748002830162,0.0640159513302765,0.0041907883852787,2.6636727221653307,1,35067.963,122214,3,2,102,102_3,0.0355609999999941,35.56099999999418,0.0029889999999994,240304_f0trial4,tau,tau_122214_240304_f0trial4_102_3,35.0,0.0041907883852787,0.0115930863816446
387002,30032,f01,1152.0,75.086792,260.91497107077623,-0.0451471092692136,137.0459214916442,-0.0647948999417678,2.2213711411714003,-0.0191038240159406,0.0812479499623375,0.0734401178693051,0.0789724036219616,0.0191038240159406,2.2213711411714003,1,75059.194,122214,3,4,104,104_3,0.0267920000000003,26.79200000000037,0.0029810000000054,240304_f0trial4,tau,tau_122214_240304_f0trial4_104_3,25.0,0.0191038240159406,0.0170577988462999
398816,46030,f01,1216.0,115.082989,134.0242874791366,0.0135425983539279,144.6538643578312,-0.1019348401690325,-2.2963050415358555,-0.0179856014495511,0.1100162626408742,0.0835726939597703,0.1028305091422872,0.0179856014495511,2.2963050415358555,1,115055.391,122214,3,6,106,106_3,0.0229889999999954,22.988999999995485,0.0029980000000051,240304_f0trial4,tau,tau_122214_240304_f0trial4_106_3,25.0,0.0179856014495511,0.0111500613509234
405785,54030,f01,1344.0,135.083551,79.84533382716725,-0.0929166834909715,40.12394767811629,0.0367967932727964,0.1537509377460643,-0.0097428292665159,0.0129483190150305,0.0216287046661221,0.0999375508311179,0.0097428292665159,0.1537509377460643,1,135055.95299999998,122214,3,7,107,107_3,0.0235509999999976,23.550999999997657,0.0029719999999997,240304_f0trial4,tau,tau_122214_240304_f0trial4_107_3,25.0,0.0097428292665159,0.013659794262925799
439552,46037,f02,1152.0,115.099997,321.2439508521661,-1.3647466917028142,78.56225174017985,0.0393495902264155,-1.161809316961628,0.1334745249212787,-0.1502782752235094,-0.163122650356154,1.365313855040211,0.1334745249212787,1.161809316961628,2,115072.399,122214,3,6,206,206_3,0.0399969999999996,39.996999999999616,0.0020260000000007,240304_f0trial4,tau,tau_122214_240304_f0trial4_206_3,35.0,-0.1334745249212787,0.0193799463031519
450058,70026,f02,1536.0,175.074102,114.88617368213846,-0.1292776559139408,167.93472814627634,-0.643586356222012,1.7036791862085636,-0.0302587497262636,0.0761758791787521,0.1519690938615294,0.6564420082792766,0.0302587497262636,1.7036791862085636,2,175046.504,122214,3,9,209,209_3,0.0141020000000082,14.102000000008276,0.0020159999999975,240304_f0trial4,tau,tau_122214_240304_f0trial4_209_3,15.0,-0.0302587497262636,0.017421783219381398
